Όνομα;Χονδρική τιμή (€);Περιγραφή;Ενότητα;Γραμμή;Εταιρία;Φωτογραφία;Κωδικός;Barcode (EAN);Καταχώρηση προμηθευτή;Πηγή περιγραφής
Elancyl Gel Douche My Coach 200ml;7,90;Συμπλήρωμα/προϊόν αδυνατίσματος για ολοκληρωμένη φροντίδα σώματος. Προϊόν της σειράς Elancyl (My Coach).;Αδυνατιστικά;My Coach;Elancyl;seasonal/elancyl-gel-douche-my-coach-200ml-3282770143867.png;2200044982;3282770143867;ELANCYL GEL DOUCHE MY COACH 200ML;
Elancyl My Coach Cellulite Cream 200ml;19,93;Συμπλήρωμα/προϊόν αδυνατίσματος για ολοκληρωμένη φροντίδα σώματος. Προϊόν της σειράς Elancyl (My Coach).;Αδυνατιστικά;My Coach;Elancyl;seasonal/elancyl-my-coach-cellulite-cream-200ml-3282770206449.jpg;2200047454;3282770206449;ELANCYL MY COACH CELLUL.CR.200ML;
Elancyl Slim Design Huile Minceur 2-in-1 150ml;18,50;Συμπλήρωμα/προϊόν αδυνατίσματος για ολοκληρωμένη φροντίδα σώματος. Προϊόν της σειράς Elancyl (Slim Design).;Αδυνατιστικά;Slim Design;Elancyl;seasonal/elancyl-slim-design-huile-minceur-2-in-1-150ml-3282770113143.jpg;2200046085;3282770113143;ELANCYL SLIMDES.HUILE MINC.2IN1 150;
UP CONFIDENCE BUST RECOVERY CREAM GEL;15,98;<p>Κρέμα-τζελ που επαναφέρει τον όγκο και το σχήμα του στήθους και των γλουτών, μετά από εγκυμοσύνη, θηλασμό ή παρατεταμένη δίαιτα, ιδανική για το πεσ...;Αδυνατιστικά;Body Sculpt;Frezyderm;seasonal/frezyderm-confid-up-bust-cream-gel-200ml-5202888227400.jpg;2200041535;5202888227400;FREZYDERM CONFID.UP CR/GEL BUST 200;frezyderm.gr
ABD REFORM SKIN TENSIONER CREAM GEL;15,92;<p>Κρέμα-τζελ που επαναφέρει την ελαστικότητα και την αρχική όψη του δέρματος μετά από περιόδους έντονης χαλάρωσης. Είναι ιδανική για χρήση σε κοιλιά,...;Αδυνατιστικά;Body Sculpt;Frezyderm;frezyderm/abd-reform-skin-tensioner-cream-gel-5202888227394.jpg;2200041538;5202888227394;FREZYDERM REFORM ABD CR/GEL 200ML;frezyderm.gr
FREZYDERM PROPOLIS ORAL SPRAY;20,53;Ανακαλύψτε το συμπλήρωμα διατροφής Propolis oral spray για τον ερεθισμένο λαιμό. Μπείτε στο site της Frezyderm για περισσότερα!;Αδυνατιστικά;Body Sculpt;Frezyderm;seasonal/frezyderm-triple-effect-frost-gel-200ml-5202888227417.jpg;2200041540;5202888227417;FREZYDERM TRIPL EFFECT FROS.GEL200M;www.frezyderm.gr
CLA max - Συμπληρώματα Διατροφής - Power Health;22,67;CLA MAX περιέχει CLARINOL® A-80, ένα μείγμα ελεύθερων λιπαρών οξέων με υψηλή περιεκτικότητα σε Συζευγμένο Λινολεϊκό Οξύ (CLA).;Αδυνατιστικά;Cla Max;Power Health;seasonal/power-health-cla-max-1900mg-x60-platinum-5200321012705.png;2200045247;5200321012705;CLA MAX CAPS 1900MG X60 PLATINUM;powerhealth.gr
Flat Belly - Συμπληρώματα Διατροφής - Power Health;11,30;Flat Belly Αναβράζοντα δισκία με γεύση μήλο και με γλυκαντικό από το φυτό στέβια. Συνδυασμός προβιοτικών και πρεβιοτικών με μηλόξυδο.;Αδυνατιστικά;Flat Belly;Power Health;seasonal/power-health-flat-belly-effervescent-x10-stevia-5200321011159.jpg;2200048577;5200321011159;FLAT BELLY EFF.TABL X10 STEVIA;powerhealth.gr
Lipolean Formula - Συμπληρώματα Διατροφής - Power Health;11,92;Συμπλήρωμα διατροφής Lipolean Formula, πλούσιο σε λιποτροπικούς παράγοντες. Στη σύνθεσή του περιέχεται το κλινικά μελετημένο εκχύλισμα εσπεριδοειδών και γκουαρανά Sinetrol® Xpur+ σε συνδυασμό με χολίνη (VitaCholine®), ψευδάργυρο, βιταμίνη Β6 και χρώμιο.;Αδυνατιστικά;Lipolean;Power Health;seasonal/power-health-lipolean-formula-x30-platinum-5200321013825.jpg;2200040897;5200321013825;LIPOLEAN FORMULA CAPS X30 PLAT.;powerhealth.gr
Lipolean Formula - Συμπληρώματα Διατροφής - Power Health;20,28;Συμπλήρωμα διατροφής Lipolean Formula, πλούσιο σε λιποτροπικούς παράγοντες. Στη σύνθεσή του περιέχεται το κλινικά μελετημένο εκχύλισμα εσπεριδοειδών και γκουαρανά Sinetrol® Xpur+ σε συνδυασμό με χολίνη (VitaCholine®), ψευδάργυρο, βιταμίνη Β6 και χρώμιο.;Αδυνατιστικά;Lipolean;Power Health;seasonal/power-health-lipolean-formula-x60-platinum-5200321012538.jpg;2200040270;5200321012538;LIPOLEAN FORMULA CAPS X60 PLAT.;powerhealth.gr
Water Shape - Συμπληρώματα Διατροφής - Power Health;10,87;Το 7 DAYS Water Shape Program είναι ένα συμπλήρωμα διατροφής με βάση το επώνυμο κλινικά μελετημένο εκχύλισμα από φραγκόσυκο, CactiNeaTM;Αδυνατιστικά;Water Shape;Power Health;seasonal/power-health-water-shape-effervescent-x14-stevia-5200321011166.jpg;2200045508;5200321011166;WATER SHAPE X14 EFF.TABL STEV.;powerhealth.gr
Superfood Slim Detox Liquid 300ml;12,16;Συμπλήρωμα/προϊόν αδυνατίσματος για ολοκληρωμένη φροντίδα σώματος. Προϊόν της σειράς Superfood Slim Detox (Slim Detox).;Αδυνατιστικά;Slim Detox;Superfood Slim Detox;;2200032078;5213006870002;SUPERF.SLIM DETOX LIQUID 300ML;
LIPOTROPIC FACTORS Ταμπλέτες;26,85;Συνδυασμός χολίνης, ινοσιτόλης & L-μεθειονίνης, που, μαζί με ισορροπημένη διατροφή & τακτική άσκηση, βοηθούν στην ενίσχυση της λειτουργίας του μεταβολισμού.;Αδυνατιστικά;Lipotropic Factors;Solgar;;2200035799;33984015814;SOLGAR LIPOTROPIC FACTORS TABLX100;solgar.gr
LIPOTROPIC FACTORS Ταμπλέτες;16,10;Συνδυασμός χολίνης, ινοσιτόλης & L-μεθειονίνης, που, μαζί με ισορροπημένη διατροφή & τακτική άσκηση, βοηθούν στην ενίσχυση της λειτουργίας του μεταβολισμού.;Αδυνατιστικά;Lipotropic Factors;Solgar;seasonal/solgar-lipotropic-factors-x50-tablets-33984015807.jpg;2200036096;33984015807;SOLGAR LIPOTROPIC* FACTORS TABL X50;solgar.gr
CRILEN AFTER NIP Gel;5,46;Ανακαλύψτε το εντομοαπωθητικό CRILEN AFTER NIP που καταπραΰνει τον ερεθισμό από τσιμπήματα εντόμων. Μπείτε στο site της FREZYDERM και μάθετε περισσότερα!;Εντομοαπωθητικά & Διάφορα Εποχιακά;Crilen;Frezyderm;frezyderm/crilen-after-nip-gel-5202888224263.png;2200046979;5202888224263;FREZYD.CRILEN AFTER NIP GEL 30ML CE;frezyderm.gr
CRILEN WIPES;5,46;Ανακαλύψτε τα εντομοαπωθητικά μαντηλάκια CRILEN WIPES με αντιφλογιστική δράση. Δείτε όλα τα προϊόντα φροντίδας από τσιμπήματα εντόμων στο site της FREZYDERM!;Εντομοαπωθητικά & Διάφορα Εποχιακά;Crilen;Frezyderm;frezyderm/crilen-anti-mosquito-plus-spray-20-5202888224317.jpg;2200037838;5202888224317;FREZYD.CRILEN EFFEC.PROT.WIPES X20;frezyderm.gr
CRILEN ΓΑΛΑΚΤΩΜΑ;7,60;Ανακαλύψτε το γαλάκτωμα CRILEN στη συσκευασία των 50 ml, ιδανικό για προστασία από τα τσιμπήματα εντόμων. Μάθετε περισσότερα στο site της FREZYDERM!;Εντομοαπωθητικά & Διάφορα Εποχιακά;Crilen;Frezyderm;frezyderm/crilen-cream-50ml-pharm24-gr-5202888010989.jpg;2200004119;5202888010989;FREZYD.CRILEN LAIT ΕΝΤΟΜΟΑΠΩΘ. 50ML;frezyderm.gr
CRILEN ΓΑΛΑΚΤΩΜΑ;10,86;Ανακαλύψτε το γαλάκτωμα CRILEN, ιδανικό για προστασία από τα τσιμπήματα εντόμων. Μάθετε περισσότερα στο site της FREZYDERM!;Εντομοαπωθητικά & Διάφορα Εποχιακά;Crilen;Frezyderm;frezyderm/crilen-125ml-40ml-5202888010996.jpg;2200001865;5202888010996;FREZYD.CRILEN LAIT ΕΝΤΟΜΟΑΠΩΘ.125ML;frezyderm.gr
CRILEN ANTI-MOSQUITO 10%;9,52;Ανακαλύψτε το CRILEN ANTI-MOSQUITO 10% που απωθεί αποτελεσματικά τα κουνούπια και το κουνούπι τίγρης. Μπείτε στο site της FREZYDERM για περισσότερα!;Εντομοαπωθητικά & Διάφορα Εποχιακά;Crilen;Frezyderm;frezyderm/crilen-anti-mosquito-10-5202888224348.jpg;2200047930;5202888224348;FREZYD.CRILEN LAIT A-MOSQ.10% 150ML;www.frezyderm.gr
CRILEN ADULT PLUS;10,83;Ανακαλύψτε το Crilen Adult Plus ενυδατικό γαλάκτωμα και με εντομοαπώθηση. Μπείτε στο site της FREZYDERM για περισσότερα!;Εντομοαπωθητικά & Διάφορα Εποχιακά;Crilen;Frezyderm;frezyderm/crilen-adult-plus-5202888224300.jpg;2200048929;5202888224300;FREZYD.CRILEN LAIT ADULT PLUS 125ML;frezyderm.gr
CRILEN MOUSSE;12,47;Ανακαλύψτε τον εντομοαπωθητικό αφρό CRILEN MOUSSE για προστασία από τσιμπήματα εντόμων. Μπείτε στο site της FREZYDERM και μάθετε περισσότερα!;Εντομοαπωθητικά & Διάφορα Εποχιακά;Crilen;Frezyderm;frezyderm/crilen-mousse-5202888102219.jpg;2200010759;5202888102219;FREZYD.CRILEN MOUSSE ΕΝΤΟΜΟΑΠ.150ML;frezyderm.gr
CRILEN ΓΑΛΑΚΤΩΜΑ;8,54;Ανακαλύψτε το γαλάκτωμα CRILEN στη συσκευασία των 50 ml, ιδανικό για προστασία από τα τσιμπήματα εντόμων. Μάθετε περισσότερα στο site της FREZYDERM!;Εντομοαπωθητικά & Διάφορα Εποχιακά;Crilen;Frezyderm;frezyderm/crilen-roll-ball-5202888224324.jpg;2200047462;5202888224324;FREZYD.CRILEN ROLLON ΕΝΤΟΜΟΑ. 50ML;frezyderm.gr
CRILEN ANTI-MOSQUITO PLUS SPRAY 20%;8,87;Ανακαλύψτε το CRILEN ANTI-MOSQUITO PLUS SPRAY 20% που απωθεί αποτελεσματικά τα κουνούπια και το κουνούπι τίγρης. Μπείτε στο site της FREZYDERM για περισσότερα!;Εντομοαπωθητικά & Διάφορα Εποχιακά;Crilen;Frezyderm;frezyderm/crilen-anti-mosquito-plus-spray-20-5202888224355.jpg;2200047931;5202888224355;FREZYD.CRILEN SPR.A-MOSQ.20%PLUS100;frezyderm.gr
KORRES E-Gift Card – $100 | KORRES;8,06;Not sure what to get them? Give them the gift of natural Greek beauty with a KORRES Gift Card.;Εντομοαπωθητικά & Διάφορα Εποχιακά;Insect Repellent;Korres;seasonal/korres-100ml-5203069063893.png;2200042772;5203069063893;KORRES ΕΥΚΑΛ+ΜΥΡΤ.EMULS.ΕΝΤΟ/ΚΟ100Μ;korres.com
KORRES Multi-Stick | Natural Color Lip Balm;4,48;A creamy multi-stick with effortless application: twist, glide, and blend for a healthy looking glow on-the-go.;Εντομοαπωθητικά & Διάφορα Εποχιακά;After Bite;Korres;seasonal/korres-stick-15ml-5203069064708.jpg;2200042766;5203069064708;KORRES STICK ΜΕΛΙΣΣΟΧΟΡΤΟ ΤΣΙΜΠΗ.15;www.korres.com
Jungle Formula Bite & Sting Roll-On 15ml;5,37;Εποχιακό προϊόν για προστασία ή ανακούφιση κατά τις θερινές δραστηριότητες. Προϊόν της σειράς Jungle Formula (Bite & Sting).;Εντομοαπωθητικά & Διάφορα Εποχιακά;Bite & Sting;Jungle Formula;seasonal/jungle-formula-bite-sting-roll-on-15ml-5391520948275.jpg;2200030923;5391520948275;JUNGLE FORM.BITE &STING ROLLON 15ML;
Jungle Formula Family Spray 100ml;8,30;Εποχιακό προϊόν για προστασία ή ανακούφιση κατά τις θερινές δραστηριότητες. Προϊόν της σειράς Jungle Formula (Family).;Εντομοαπωθητικά & Διάφορα Εποχιακά;Family;Jungle Formula;seasonal/jungle-formula-family-spray-100ml-8413224044590.jpg;2200049647;8413224044590;JUNGLE FORM.FAMILY SPRAY 100ML;
Jungle Formula Maximum Original Liquid 75ml;9,25;Εποχιακό προϊόν για προστασία ή ανακούφιση κατά τις θερινές δραστηριότητες. Προϊόν της σειράς Jungle Formula (Maximum).;Εντομοαπωθητικά & Διάφορα Εποχιακά;Maximum;Jungle Formula;seasonal/jungle-formula-maximum-original-liquid-75ml-5206469006989.jpg;2200035422;5206469006989;JUNGLE FORM.MAXIM.ORIG.LIQ.75ML;
Jungle Formula Maximum Roll-On Απωθητικό 50ml;7,46;Εποχιακό προϊόν για προστασία ή ανακούφιση κατά τις θερινές δραστηριότητες. Προϊόν της σειράς Jungle Formula (Maximum).;Εντομοαπωθητικά & Διάφορα Εποχιακά;Maximum;Jungle Formula;seasonal/jungle-formula-maximum-roll-on-50ml-5400951991030.webp;2200042317;5400951991030;JUNGLE FORM.MAXIM.ROLLON ΑΠΩΘ.50M;
Jungle Formula Strong Original Liquid 75ml;7,64;Εποχιακό προϊόν για προστασία ή ανακούφιση κατά τις θερινές δραστηριότητες. Προϊόν της σειράς Jungle Formula (Strong).;Εντομοαπωθητικά & Διάφορα Εποχιακά;Strong;Jungle Formula;seasonal/jungle-formula-strong-original-liquid-75ml-5206469007009.png;2200035420;5206469007009;JUNGLE FORM.STRONG ORIG.LIQ.75ML;
Jungle Formula Strong Soft Liquid 75ml;7,64;Εποχιακό προϊόν για προστασία ή ανακούφιση κατά τις θερινές δραστηριότητες. Προϊόν της σειράς Jungle Formula (Strong).;Εντομοαπωθητικά & Διάφορα Εποχιακά;Strong;Jungle Formula;seasonal/jungle-formula-strong-soft-liquid-75ml-5206469007023.jpg;2200035423;5206469007023;JUNGLE FORM.STRONG SOFT LIQ.75ML;
Jungle Formula Strong Soft Spray 125ml;10,09;Εποχιακό προϊόν για προστασία ή ανακούφιση κατά τις θερινές δραστηριότητες. Προϊόν της σειράς Jungle Formula (Strong).;Εντομοαπωθητικά & Διάφορα Εποχιακά;Strong;Jungle Formula;seasonal/jungle-formula-strong-soft-spray-125ml-5400951990026.jpg;2200045629;5400951990026;JUNGLE FORM.STRONG SOFT SPR.125ML;
CER-8 Microcapsules Patch Junior x24;6,50;Παιδικά εντομοαπωθητικά αυτοκόλλητα με καινοτομία μικροκάψουλας που απαλλάσσουν από τα ενοχλητικά τσιμπήματα των κουνουπιών, δημιουργώντας μια ακτίνα προστασίας ενός μέτρου (1m) έως και έξι ώρες. Μπορεί να κολληθεί σε ρούχα, έπιπλα, ακόμη και στην κούνια του μωρού σε σημείο μη ορατό και προσβάσιμο από τα παιδιά. Το πρωτοποριακό αυτό αυτοκόλλητο περιέχει μικροκάψουλες με το δραστικό συστατικό Εucalyptus Citriodora oil, το οποίο προστατεύει αποτελεσματικά απο τα κουνούπια και τις σκνίπες, συμπεριλαμβανομένου του ασιατικού κουνουπιού;Εντομοαπωθητικά & Διάφορα Εποχιακά;Kids;CER-8;vican/cer-8-microcapsules-patch-junior-5204559030012.jpg;2200012654;5204559030012;CER 8 ΠΑΙΔ.ΕΝΤΟΜΟΑΠ.STRIPS X24STR;vican.gr
CER-8 Άοσμο Εντομοαπωθητικό Spray 100ml;7,90;Το άοσμο εντομοαπωθητικό Cer’8 προστατεύει αποτελεσματικά από τα κουνούπια και τις σκνίπες, συμπεριλαμβανομένου του ασιατικού κουνουπιού;Εντομοαπωθητικά & Διάφορα Εποχιακά;Anti-Mosquito;CER-8;vican/cer-8-5204559030319.jpg;2200040879;5204559030319;CER-8 ANTI-MOSQ.SPRAY ΑΟΣΜΟ 100ML;vican.gr
CER-8 Εντομοαπωθητικό Lotion 125ml;7,50;Η εντομοαπωθητική lotion Cer’8 χαρίζει προστασία σε όλη την οικογένεια. Χάρη στη σύνθεσή της με Eucalyptus Citriodora Oil, προφυλάσσει αποτελεσματικά έως πέντε ώρες από τα κουνούπια και τις σκνίπες, συμπεριλαμβανομένου του ασιατικού κουνουπιού;Εντομοαπωθητικά & Διάφορα Εποχιακά;Lotion;CER-8;vican/cer-8-lotion-5204559030074.jpg;2200047171;5204559030074;CER-8 ΕΝΤΟΜΟΑΠΩΘ. LOTION 125ML;vican.gr
CER-8 Microcapsules Patch Ενηλίκων x24;6,50;Εντομοαπωθητικά αυτοκόλλητα ενηλίκων με καινοτομία μικροκάψουλας που απαλλάσσουν από τα ενοχλητικά τσιμπήματα των κουνουπιών, δημιουργώντας μια ακτίνα προστασίας ενός μέτρου (1m) έως και έξι ώρες. Μπορεί να κολληθεί στο κρεβάτι, στα ρούχα ή άλλα αντικείμενα. Με το δραστικό συστατικό Eucalyptus Citriodora oil, το οποίο προστατεύει αποτελεσματικά απο τα κουνούπια και τις σκνίπες, συμπεριλαμβανομένου του ασιατικού κουνουπιού;Εντομοαπωθητικά & Διάφορα Εποχιακά;Strips;CER-8;vican/cer-8-microcapsules-patch-5204559030005.jpg;2200005252;5204559030005;CER-8 ΕΝΤΟΜΟΑΠΩΘ. STRIPS X24 STRI;vican.gr
CER-8 Mini Άοσμο Εντομοαπωθητικό Spray 30ml;3,90;Το άοσμο εντομοαπωθητικό Cer’8 προστατεύει αποτελεσματικά από τα κουνούπια και τις σκνίπες, συμπεριλαμβανομένου του ασιατικού κουνουπιού;Εντομοαπωθητικά & Διάφορα Εποχιακά;Ultra Protect;CER-8;vican/cer-8-mini-spray-5204559030166.jpg;2200041576;5204559030166;CER-8 ULTRA PROTECT.SPR.ΑΟΣΜ.MIN30;vican.gr
CER-8 Ultra Protect Spray Άοσμο 100ml;8,00;Εποχιακό προϊόν για προστασία ή ανακούφιση κατά τις θερινές δραστηριότητες. Προϊόν της σειράς CER-8 (Ultra Protect).;Εντομοαπωθητικά & Διάφορα Εποχιακά;Ultra Protect;CER-8;seasonal/cer-8-ultra-protect-spray-100ml-5204559030128.jpg;2200048569;5204559030128;CER-8 ULTRA PROTECT.SPRAY ΑΟΣΜΟ100;
CER-8 Cream Junior Άοσμο 150ml + Patch Δώρο;8,90;Εποχιακό προϊόν για προστασία ή ανακούφιση κατά τις θερινές δραστηριότητες. Προϊόν της σειράς CER-8 (Junior).;Εντομοαπωθητικά & Διάφορα Εποχιακά;Junior;CER-8;seasonal/cer-8-cream-junior-150ml-patch-5204559009377.jpg;2200040337;5204559009377;CER-8 CREAM JUNIOR ΑΟΣΜΟ150+PATC.ΔΩ;
CER-8 Microcapsules Patch Junior Economy Pack x48;11,40;Παιδικά εντομοαπωθητικά αυτοκόλλητα με καινοτομία μικροκάψουλας που απαλλάσσουν από τα ενοχλητικά τσιμπήματα των κουνουπιών, δημιουργώντας μια ακτίνα προστασίας ενός μέτρου (1m) έως και έξι ώρες. Μπορεί να κολληθεί σε ρούχα, έπιπλα, ακόμη και στην κούνια του μωρού σε σημείο μη ορατό και προσβάσιμο από τα παιδιά. Με το δραστικό συστατικό Εucalyptus Citriodora oil, το οποίο προστατεύει αποτελεσματικά απο τα κουνούπι και τις σκνίπες, συμπεριλαμβανομένου του ασιατικού κουνουπιού;Εντομοαπωθητικά & Διάφορα Εποχιακά;Junior;CER-8;vican/cer-8-microcapsules-patch-junior-economy-pack-5204559030111.jpg;2200041562;5204559030111;CER-8 PATCH JUNIOR MICROC.ΕΝΤΟ/ΚΟ48;vican.gr
CER-8 After Bite Roll-On 10ml;2,20;Η πιο φυσική και αποτελεσματική λύση ανακούφισης από τα τσιμπήματα των κουνουπιών. Με συστατικά γνωστά για τις αντιφλογιστικές και αντι-ερεθιστικές τους ιδιότητες (Πρόπολη, Χαμομήλι, Καλέντουλα, Αλόη), ανακουφίζει άμεσα από τα ενοχλητικά συμπτώματα του τσιμπήματος, όπως ερεθισμός, αίσθημα κνησμού, ερύθυμα. Με Πρόπολη, Αλόη, Φασκόμηλο, Χαμομήλι, Καλέντουλα, Πολυδοκανόλη.;Εντομοαπωθητικά & Διάφορα Εποχιακά;After Bite;CER-8;vican/cer-8-5204559030043.jpg;2200047173;5204559030043;CER-8 ROLL-ON AFTER BITE 10ML;vican.gr
CER-8 After Bite Stickers x30;2,20;Τα παιδικά επιθέματα Cer’8 After Bite Stickers συμβάλλουν στην άμεση καταπράυνση από τα τσιμπήματα των εντόμων, χάρη στη φυτική τους σύνθεση από Καλέντουλα, Βιταμίνη Ε και Έλαιο σταφυλιού. Ανακουφίζουν από το αίσθημα του κνησμού και βοηθούν στη μείωση του οιδήματος και του ερεθισμού. Έχουν απίθανα σχέδια και αποτρέπουν τα παιδιά από το να ξύσουν την κνησμώδη περιοχή του τσιμπήματος. Ιδανικά και για;Εντομοαπωθητικά & Διάφορα Εποχιακά;After Bite;CER-8;vican/cer-8-after-bite-stickers-5204559030098.jpg;2200047105;5204559030098;CER-8 STICKERS AFTER BITE X30;vican.gr
Repel After Bite Gel 20ml;4,77;Εποχιακό προϊόν για προστασία ή ανακούφιση κατά τις θερινές δραστηριότητες. Προϊόν της σειράς Repel (After Bite).;Εντομοαπωθητικά & Διάφορα Εποχιακά;After Bite;Repel;seasonal/repel-after-bite-gel-20ml-5205152233800.jpg;2200043123;5205152233800;REPEL AFTER BITE GEL 20ML;
Repel Foam Spray Εντομοαπωθητικό 150ml;11,65;Εποχιακό προϊόν για προστασία ή ανακούφιση κατά τις θερινές δραστηριότητες. Προϊόν της σειράς Repel (Foam Spray).;Εντομοαπωθητικά & Διάφορα Εποχιακά;Foam Spray;Repel;seasonal/repel-foam-spray-150ml-5206938221509.jpg;2200037109;5206938221509;REPEL FOAM SPRAY ΕΝΤΟΜ/ΚΟ 150ML;
Repel Foam Spray Εντομοαπωθητικό 50ml;5,68;Εποχιακό προϊόν για προστασία ή ανακούφιση κατά τις θερινές δραστηριότητες. Προϊόν της σειράς Repel (Foam Spray).;Εντομοαπωθητικά & Διάφορα Εποχιακά;Foam Spray;Repel;seasonal/repel-foam-spray-50ml-5206938221301.jpg;2200048070;5206938221301;REPEL FOAM SPRAY ΕΝΤΟΜ/ΚΟ 50ML;
Repel Myco Clean Pen 3ml;7,10;Εποχιακό προϊόν για προστασία ή ανακούφιση κατά τις θερινές δραστηριότητες. Προϊόν της σειράς Repel (Myco Clean).;Εντομοαπωθητικά & Διάφορα Εποχιακά;Myco Clean;Repel;seasonal/repel-myco-clean-pen-3ml-5206938000531.jpg;2200036288;5206938000531;REPEL MYCO CLEAN PEN 3ML;
Repel Spray Άοσμο Εντομοαπωθητικό 100ml;8,85;Εποχιακό προϊόν για προστασία ή ανακούφιση κατά τις θερινές δραστηριότητες. Προϊόν της σειράς Repel (Spray).;Εντομοαπωθητικά & Διάφορα Εποχιακά;Spray;Repel;seasonal/repel-spray-100ml-5206938221400.jpg;2200049145;5206938221400;REPEL SPRAY ΑΟΣΜΟ ΕΝΤΟΜ/ΚΟ 100ML;
Repel Spray Άοσμο Εντομοαπωθητικό 15ml;2,95;Εποχιακό προϊόν για προστασία ή ανακούφιση κατά τις θερινές δραστηριότητες. Προϊόν της σειράς Repel (Spray).;Εντομοαπωθητικά & Διάφορα Εποχιακά;Spray;Repel;seasonal/repel-spray-15ml-5206938480708.jpg;2200046899;5206938480708;REPEL SPRAY ΑΟΣΜΟ ΕΝΤΟΜ/ΚΟ 15ML;
Galesyn After Nip Gel 30ml;4,80;Εποχιακό προϊόν για προστασία ή ανακούφιση κατά τις θερινές δραστηριότητες. Προϊόν της σειράς Galesyn (After Bite).;Εντομοαπωθητικά & Διάφορα Εποχιακά;After Bite;Galesyn;seasonal/galesyn-after-nip-gel-30ml-5205056290275.jpg;2200030672;5205056290275;GALESYN AFTER NIP GEL 30ML;
Galesyn Spray Lotion After Bite Μέδουσας 125ml;4,50;Εποχιακό προϊόν για προστασία ή ανακούφιση κατά τις θερινές δραστηριότητες. Προϊόν της σειράς Galesyn (Jellyfish).;Εντομοαπωθητικά & Διάφορα Εποχιακά;Jellyfish;Galesyn;seasonal/galesyn-spray-lotion-after-bite-125ml-5202385021785.png;2200041800;5202385021785;GALESYN SPR.LOT.AFTERBITE ΜΕΔΟΥΣ125;
Galesyn Family Repellent Spray 20% IR3535 100ml;7,60;Εποχιακό προϊόν για προστασία ή ανακούφιση κατά τις θερινές δραστηριότητες. Προϊόν της σειράς Galesyn (Family Repellent).;Εντομοαπωθητικά & Διάφορα Εποχιακά;Family Repellent;Galesyn;seasonal/galesyn-family-repellent-spray-20-ir3535-100ml-5205056455728.jpg;2200044478;5205056455728;GALESYN SPR.REP.FAM.20%IR3535 100ML;
Galesyn Family Repellent Spray IR3535 + Δώρο + Τσάντα;11,34;Εποχιακό προϊόν για προστασία ή ανακούφιση κατά τις θερινές δραστηριότητες. Προϊόν της σειράς Galesyn (Family Repellent).;Εντομοαπωθητικά & Διάφορα Εποχιακά;Family Repellent;Galesyn;seasonal/galesyn-family-repellent-spray-ir3535-5205056459955.png;2200040796;5205056459955;GALESYN SPR.REP.FAM.IP3535+ΔΩ+ΤΣΑ;
Science of Nature After Bite Gel 30ml;4,80;Εποχιακό προϊόν για προστασία ή ανακούφιση κατά τις θερινές δραστηριότητες. Προϊόν της σειράς Science of Nature (After Bite).;Εντομοαπωθητικά & Διάφορα Εποχιακά;After Bite;Science of Nature;seasonal/science-of-nature-after-bite-gel-30ml-5206355050737.webp;2200043689;5206355050737;SCIENCE OF NAT.AFTER BITE GEL 30ML;
Science of Nature Mosquito Diffuser 30;6,60;Εποχιακό προϊόν για προστασία ή ανακούφιση κατά τις θερινές δραστηριότητες. Προϊόν της σειράς Science of Nature (Mosquito).;Εντομοαπωθητικά & Διάφορα Εποχιακά;Mosquito;Science of Nature;seasonal/science-of-nature-mosquito-diffuser-30-5206355050744.webp;2200042187;5206355050744;SCIENCE OF NAT.MOSQUITO DIFFUSER 30;
Science of Nature Mosquito Lotion Protection 100ml;8,80;Εποχιακό προϊόν για προστασία ή ανακούφιση κατά τις θερινές δραστηριότητες. Προϊόν της σειράς Science of Nature (Mosquito).;Εντομοαπωθητικά & Διάφορα Εποχιακά;Mosquito;Science of Nature;seasonal/science-of-nature-mosquito-lotion-protection-100ml-5206355050782.webp;2200042195;5206355050782;SCIENCE OF NAT.MOSQUITO LOT.PROT100;
Science of Nature Mosquito Spray Protection 100ml;8,80;Εποχιακό προϊόν για προστασία ή ανακούφιση κατά τις θερινές δραστηριότητες. Προϊόν της σειράς Science of Nature (Mosquito).;Εντομοαπωθητικά & Διάφορα Εποχιακά;Mosquito;Science of Nature;seasonal/science-of-nature-mosquito-spray-protection-100ml-5206355050775.webp;2200042191;5206355050775;SCIENCE OF NAT.MOSQUITO SPR.PROT100;
Autan Defence After Bite Gel 25ml;5,01;Εποχιακό προϊόν για προστασία ή ανακούφιση κατά τις θερινές δραστηριότητες. Προϊόν της σειράς Autan (Defence).;Εντομοαπωθητικά & Διάφορα Εποχιακά;Defence;Autan;seasonal/autan-defence-after-bite-gel-25ml-5000204176698.jpg;2200045425;5000204176698;AUTAN DEFEN. AFTER BITE GEL 25ML;
Autan Defence Extreme Protection Spray 100ml;9,55;Εποχιακό προϊόν για προστασία ή ανακούφιση κατά τις θερινές δραστηριότητες. Προϊόν της σειράς Autan (Defence Extreme).;Εντομοαπωθητικά & Διάφορα Εποχιακά;Defence Extreme;Autan;seasonal/autan-defence-extreme-protection-spray-100ml-5000204435511.jpg;2200042597;5000204435511;AUTAN DEFEN.EXTREME PR.ΕΝΤ/Κ.SPR100;
Autan Defence Long Protection Lotion/Spray 100ml;8,84;Εποχιακό προϊόν για προστασία ή ανακούφιση κατά τις θερινές δραστηριότητες. Προϊόν της σειράς Autan (Defence Long).;Εντομοαπωθητικά & Διάφορα Εποχιακά;Defence Long;Autan;seasonal/autan-defence-long-protection-lotion-spray-100ml-5000204184525.jpg;2200045427;5000204184525;AUTAN DEFEN.LONG PR.ΕΝΤ/ΚΟ LO/SP100;
Autan Defence Plant Spray 100ml ΝΕΟ;8,73;Εποχιακό προϊόν για προστασία ή ανακούφιση κατά τις θερινές δραστηριότητες. Προϊόν της σειράς Autan (Defence Plant).;Εντομοαπωθητικά & Διάφορα Εποχιακά;Defence Plant;Autan;seasonal/autan-defence-plant-spray-100ml-5000204176452.webp;2200040039;5000204176452;AUTAN DEFEN.PLANT ΕΝΤ/ΚΟ SPR.100ΝΕΟ;
Autan Defence Kids Gel 100ml;8,95;Εποχιακό προϊόν για προστασία ή ανακούφιση κατά τις θερινές δραστηριότητες. Προϊόν της σειράς Autan (Defence Kids).;Εντομοαπωθητικά & Διάφορα Εποχιακά;Defence Kids;Autan;seasonal/autan-defence-kids-gel-100ml-5000204176544.jpg;2200045424;5000204176544;AUTAN DEFEN. KIDS ΕΝΤ/ΚΟ GEL 100ML;
Fleriana Mosquito Repellent Body Spray Lotion - Συμπληρώματα Διατροφής - Power Health;3,29;Fleriana Mosquito Repellent Body Spray Lotion provides powerful protection thanks to Citrepel® 75, an EU-approved active ingredient of natural origin.;Εντομοαπωθητικά & Διάφορα Εποχιακά;Fleriana;Power Health;seasonal/fleriana-tablets-x20-5200102460923.jpg;2200037132;5200102460923;FLERIANA ΕΝΤΟΜ/ΚΕΣ TABL X20;www.powerhealth.gr
Σαπούνι Ελαιολάδου με Κολλαγόνο - Συμπληρώματα Διατροφής - Power Health;6,54;Σαπούνι Ελαιολάδου με Κολλαγόνο με >95% συστατικά φυσικής προέλευσης. Ιδανικό για βαθύ καθαρισμό και περιποίηση του προσώπου;Εντομοαπωθητικά & Διάφορα Εποχιακά;Fleriana;Power Health;seasonal/fleriana-tablets-x30-5200102460695.jpg;2200045791;5200102460695;FLERIANA ΕΝΤΟΜ/ΚΕΣ TABLX30 +ΗΛ.ΣΥΣΚ;www.powerhealth.gr
Πράσινο σαπούνι με ελαιόλαδο - Συμπληρώματα Διατροφής - Power Health;5,35;Πράσινο σαπούνι με ελαιόλαδο με >95% συστατικά φυσικής προέλευσης;Εντομοαπωθητικά & Διάφορα Εποχιακά;Fleriana;Power Health;seasonal/fleriana-plug-in-30ml-5200102460930.jpg;2200037134;5200102460930;FLERIANA ΕΝΤΟΜ/ΚΟ ΥΓΡΟ PLUG IN 30ML;www.powerhealth.gr
Fleriana Mosquito Repellent Body Spray Lotion - Συμπληρώματα Διατροφής - Power Health;8,06;Fleriana Mosquito Repellent Body Spray Lotion provides powerful protection thanks to Citrepel® 75, an EU-approved active ingredient of natural origin.;Εντομοαπωθητικά & Διάφορα Εποχιακά;Fleriana;Power Health;seasonal/fleriana-130g-5200102460497.png;2200040978;5200102460497;FLERIANA ΚΕΡΙ ΕΝΤΟΜ/KO 130G;www.powerhealth.gr
Fleriana Mosquito Repellent Body Spray Lotion - Συμπληρώματα Διατροφής - Power Health;3,29;Fleriana Mosquito Repellent Body Spray Lotion provides powerful protection thanks to Citrepel® 75, an EU-approved active ingredient of natural origin.;Εντομοαπωθητικά & Διάφορα Εποχιακά;Fleriana;Power Health;seasonal/fleriana-x10-5200102461050.jpg;2200040980;5200102461050;FLERIANA ΣΠΕΙΡΕΣ ΕΝΤΟΜ/KO X10;www.powerhealth.gr
Fleriana Απωθητικό Spray για Βαδιστικά Έντομα - Συμπληρώματα Διατροφής - Power Health;5,32;Ο συνδυασμός τους δημιουργεί ένα εξαιρετικά αποτελεσματικό εντομοαπωθητικό προϊόν με μεγάλο φάρμα δράσης. Είναι ιδιαίτερα αποτελεσματικό για κατσαρίδες, μυρμήγκια, αράχνες, ψαλίδες, σαρανταποδαρούσες και άλλα βαδιστικά έντομα.;Εντομοαπωθητικά & Διάφορα Εποχιακά;Fleriana;Power Health;seasonal/fleriana-after-bite-spray-30ml-5200102460671.jpg;2200048628;5200102460671;FLERIANA AFTERBITE SPRAY 30ML;powerhealth.gr
Fleriana Baby Body Milk - Συμπληρώματα Διατροφής - Power Health;6,54;Fleriana Baby Body Milk. Ενυδατικό γαλάκτωμα σώματος με Aloe Vera, κατάλληλο για την περιποίηση της ευαίσθητης βρεφικής επιδερμίδας.;Εντομοαπωθητικά & Διάφορα Εποχιακά;Fleriana;Power Health;seasonal/fleriana-cream-body-75ml-5200102461555.webp;2200041439;5200102461555;FLERIANA CREAM BODY ΕΝΤΟΜ.75ML;powerhealth.gr
Fleriana Baby Shampoo & Body Wash 2 In 1 - Συμπληρώματα Διατροφής - Power Health;5,35;Fleriana Baby Shampoo & Body Wash 2 In 1: Βρεφικό σαμπουάν και αφρόλουτρο 2 σε 1 με εκχυλίσματα Μελιού και Πρωτεΐνης Γάλακτος;Εντομοαπωθητικά & Διάφορα Εποχιακά;Fleriana;Power Health;seasonal/fleriana-roll-on-50ml-5200102461548.jpg;2200041459;5200102461548;FLERIANA ROLL-ON ΕΝΤΟΜ.50ML;www.powerhealth.gr
Fleriana Απωθητικό Spray για Βαδιστικά Έντομα - Συμπληρώματα Διατροφής - Power Health;5,68;Ο συνδυασμός τους δημιουργεί ένα εξαιρετικά αποτελεσματικό εντομοαπωθητικό προϊόν με μεγάλο φάρμα δράσης. Είναι ιδιαίτερα αποτελεσματικό για κατσαρίδες, μυρμήγκια, αράχνες, ψαλίδες, σαρανταποδαρούσες και άλλα βαδιστικά έντομα.;Εντομοαπωθητικά & Διάφορα Εποχιακά;Fleriana;Power Health;seasonal/fleriana-spray-400ml-5200102460435.jpg;2200033117;5200102460435;FLERIANA SPRAY ΑΠΩΘ.ΕΡΠΟΝΤΑ ΕΝΤ.400;powerhealth.gr
Fleriana Απωθητικό Spray για Βαδιστικά Έντομα - Συμπληρώματα Διατροφής - Power Health;6,54;Ο συνδυασμός τους δημιουργεί ένα εξαιρετικά αποτελεσματικό εντομοαπωθητικό προϊόν με μεγάλο φάρμα δράσης. Είναι ιδιαίτερα αποτελεσματικό για κατσαρίδες, μυρμήγκια, αράχνες, ψαλίδες, σαρανταποδαρούσες και άλλα βαδιστικά έντομα.;Εντομοαπωθητικά & Διάφορα Εποχιακά;Fleriana;Power Health;seasonal/fleriana-spray-75ml-5200102461531.jpg;2200041460;5200102461531;FLERIANA SPRAY ΕΝΤΟΜΟΑΠ. 75ML;powerhealth.gr
Mo-Shield Βραχιόλι Αντικουνουπικό x1;3,29;Εποχιακό προϊόν για προστασία ή ανακούφιση κατά τις θερινές δραστηριότητες. Προϊόν της σειράς Mo-Shield (Bracelet).;Εντομοαπωθητικά & Διάφορα Εποχιακά;Bracelet;Mo-Shield;seasonal/mo-shield-x1-4897047470332.jpg;2200046388;4897047470332;MO-SHIELD ΒΡΑΧΙΟΛΙ ΑΝΤΙΚΟΥΝΟΥΠ. Χ1;
RealCare Roll-On Αμμωνία 25ml;1,28;Εποχιακό προϊόν για προστασία ή ανακούφιση κατά τις θερινές δραστηριότητες. Προϊόν της σειράς RealCare (After Bite).;Εντομοαπωθητικά & Διάφορα Εποχιακά;After Bite;RealCare;seasonal/realcare-roll-on-25ml-5212008500368.jpg;2200037446;5212008500368;RC REALCARE ROLL-ON ΑΜΜΩΝΙΑ 25ML;
RealCare Panthenol Cream 150ml (50% Δωρεάν);5,60;Εποχιακό προϊόν για προστασία ή ανακούφιση κατά τις θερινές δραστηριότητες. Προϊόν της σειράς RealCare (Panthenol).;Εντομοαπωθητικά & Διάφορα Εποχιακά;Panthenol;RealCare;seasonal/realcare-panthenol-cream-150ml-50-5212008500306.jpg;2200037396;5212008500306;RC PANTHENOL CREAM 150ML 50%ΔΩΡΕΑΝ;
Aloe Vera Gel Puro 100 ml: lenitivo, idratante e nutriente - ESI;7,79;Pelle secca ed arrossata? Prova Aloe Vera Gel Puro ESI, a base di aloe vera puro nel pratico formato da 100 ml. Lenitivo, idratante e nutriente. Compralo online!;Εντομοαπωθητικά & Διάφορα Εποχιακά;Aloe Vera;ESI;seasonal/esi-aloe-vera-gel-100-pure-100ml-8008843132430.png;2200046346;8008843132430;ALOE VERA GEL 100,00% PURE ESI 100ML;esi.it
Aloe Vera Gel Puro 100 ml: lenitivo, idratante e nutriente - ESI;9,30;Pelle secca ed arrossata? Prova Aloe Vera Gel Puro ESI, a base di aloe vera puro nel pratico formato da 100 ml. Lenitivo, idratante e nutriente. Compralo online!;Εντομοαπωθητικά & Διάφορα Εποχιακά;Aloe Vera;ESI;seasonal/esi-aloe-vera-gel-100-pure-200ml-8008843132447.png;2200048723;8008843132447;ALOE VERA GEL 100,00% PURE ESI 200ML;esi.it
Aboca Arnica Bio-Pomata 50ml;9,60;Εποχιακό προϊόν για προστασία ή ανακούφιση κατά τις θερινές δραστηριότητες. Προϊόν της σειράς Aboca (Arnica).;Εντομοαπωθητικά & Διάφορα Εποχιακά;Arnica;Aboca;seasonal/aboca-arnica-bio-pomata-50ml-8032472004608.webp;2200035899;8032472004608;ARNICA BIO-POMATA 50ML ABOCA;
Compeed Επιθέματα για Φουσκάλες στο Πέλμα από Αθλητικές Δραστηριότητες x5;5,63;Τα Επιθέματα για Φουσκάλες στο Πέλμα από Αθλητικές Δραστηριότητες COMPEED® είναι ειδικά σχεδιασμένα ώστε να εφαρμόζουν στο μετατάρσιο (το μπροστινό τμήμα του πέλματος) και να παρέχουν προστασία από την τριβή;Εντομοαπωθητικά & Διάφορα Εποχιακά;Φουσκάλες;Compeed;seasonal/x5-3574660559859.png;2200020395;3574660559859;COMPEED ΕΠΙΘ.ΦΟΥΣΚΑ ΠΕΛ.UNDERΧ5 673;compeed.gr
Compeed Μεσαία Επιθέματα για Φουσκάλες x5;4,98;Τα Μεσαία Επιθέματα για Φουσκάλες COMPEED® απορροφούν την περιττή υγρασία και σχηματίζουν ένα προστατευτικό μαξιλάρι προσφέροντας άμεση ανακούφιση από τον πόνο και ιδανικές συνθήκες για την επούλωση των φουσκαλών του ποδιού.;Εντομοαπωθητικά & Διάφορα Εποχιακά;Φουσκάλες;Compeed;seasonal/x5-3663555001457.png;2200024349;3663555001457;COMPEED MEDIUM ΦΟΥΣΚΑΛ.X5 505/001;compeed.gr
Compeed Επιθέματα για Φουσκάλες στα Δάκτυλα των Ποδιών x8;4,98;Τα επιθέματα για φουσκάλες στα δάκτυλα των ποδιών COMPEED® είναι ειδικά σχεδιασμένα για φουσκάλες που εμφανίζονται στα δάκτυλα των ποδιών, συχνά σε δυσπρόσιτα σημεία, και παρέχουν άμεση ανακούφιση από τον πόνο.;Εντομοαπωθητικά & Διάφορα Εποχιακά;Φουσκάλες;Compeed;seasonal/x8-3663555001679.png;2200025099;3663555001679;COMPEED ΕΠΙΘ.ΦΟΥΣΚ.ΔΑ. Χ8 503;compeed.gr
Compeed Μεσαία Επιθέματα για Κάλους στα Μικρά Δάκτυλα των Ποδιών x10;4,58;Τα Επιθέματα για Κάλους στα Δάκτυλα των Ποδιών COMPEED® περιέχουν ενεργή γέλη υδροκολλοειδούς τεχνολογίας η οποία καταπραΰνει αμέσως τον πόνο και βοηθά στην αφαίρεση της σκλήρυνσης;Εντομοαπωθητικά & Διάφορα Εποχιακά;Κάλοι;Compeed;seasonal/x10-3663555001969.png;2200027315;3663555001969;COMPEED ΕΠΙΘΕΜΑ MED.ΜΙΚΡ.Δ.CORNΧ10;compeed.gr
Compeed Μικρά Επιθέματα για Φουσκάλες x6;4,98;Τα Μικρά Επιθέματα για Φουσκάλες COMPEED® απορροφούν την περιττή υγρασία και σχηματίζουν ένα προστατευτικό μαξιλάρι προσφέροντας άμεση ανακούφιση από τον πόνο και ιδανικές συνθήκες για την επούλωση των φουσκαλών του ποδιού;Εντομοαπωθητικά & Διάφορα Εποχιακά;Φουσκάλες;Compeed;seasonal/x6-3663555001440.png;2200027502;3663555001440;COMPEED ΕΠΙΘΕ SMALL ΜΕΓ.ΔΑ.Χ6/403;compeed.gr
Compeed Επιθέματα για Κότσι x5;4,58;Τα Επιθέματα για Κότσι COMPEED® βοηθούν στην πρόληψη της δημιουργίας φουσκαλών και της περαιτέρω σκλήρυνσης του δέρματος η οποία μπορεί να προκαλέσει άλλες επώδυνες δερματικές καταστάσεις;Εντομοαπωθητικά & Διάφορα Εποχιακά;Κότσια;Compeed;seasonal/x5-3663555001938.png;2200027507;3663555001938;COMPEED ΕΠΙΘΕΜΑ ΚΟΤΣΙΑ Χ5 /200;compeed.gr
Compeed Μεγάλα Επιθέματα για Σκληρύνσεις x2;4,58;Τα Επιθέματα για Σκληρύνσεις COMPEED® περιέχουν ενεργή γέλη υδροκολλοειδούς τεχνολογίας η οποία καταπραΰνει αμέσως τον πόνο και βοηθά στην αφαίρεση των σκληρύνσεων.;Εντομοαπωθητικά & Διάφορα Εποχιακά;Κάλοι;Compeed;seasonal/x2-3663555001549.png;2200027509;3663555001549;COMPEED ΕΠΙΘΕΜΑ LARGE ΣΚΛΗΡ. Χ2/302;compeed.gr
Compeed Μεσαία Επιθέματα για Σκληρύνσεις x6;4,58;Τα Επιθέματα για Σκληρύνσεις COMPEED® περιέχουν ενεργή γέλη υδροκολλοειδούς τεχνολογίας η οποία καταπραΰνει αμέσως τον πόνο και βοηθά στην αφαίρεση των σκληρύνσεων.;Εντομοαπωθητικά & Διάφορα Εποχιακά;Κάλοι;Compeed;seasonal/x6-3663555001945.png;2200027515;3663555001945;COMPEED ΕΠΙΘΕΜΑ MEDΙ.ΣΚΛΗΡΥΝ.Χ6 300;compeed.gr
Compeed Μεσαία Επιθέματα για Κάλους Μεταξύ Δακτύλων x10;4,58;Τα Επιθέματα για Κάλους στα Δάκτυλα των Ποδιών COMPEED® περιέχουν ενεργή γέλη υδροκολλοειδούς τεχνολογίας η οποία καταπραΰνει αμέσως τον πόνο και βοηθά στην αφαίρεση της σκλήρυνσης;Εντομοαπωθητικά & Διάφορα Εποχιακά;Κάλοι;Compeed;seasonal/x10-3663555001952.png;2200027517;3663555001952;COMPEED ΕΠΙΘ.ΜED.ΜΕΤΑΞΥ ΔΑΚ.Χ10 402;compeed.gr
Compeed Αόρατο Επίθεμα για τον Επιχείλιο Έρπη x15;8,84;COMPEEDÂ® Discreet Cold sore patch contains hydrocolloid active gel technology for faster healing and scabbing prevention;Εντομοαπωθητικά & Διάφορα Εποχιακά;Επιχείλιος Έρπης;Compeed;seasonal/x15-3663555002126.png;2200028115;3663555002126;COMPEED PATCH ΕΠΙΧΕΙΛ.ΕΡΠΗΣ Χ15;compeed.gr
Compeed Extreme Μεσαία Επιθέματα για Φουσκάλες x5;5,63;Τα Μεσαία Επιθέματα για Φουσκάλες COMPEED® απορροφούν την περιττή υγρασία και σχηματίζουν ένα προστατευτικό μαξιλάρι προσφέροντας άμεση ανακούφιση από τον πόνο και ιδανικές συνθήκες για την επούλωση των φουσκαλών του ποδιού.;Εντομοαπωθητικά & Διάφορα Εποχιακά;Φουσκάλες;Compeed;seasonal/extreme-x5-3663555002386.png;2200030099;3663555002386;COMPEED EXTREME MEDIUM ΦΟΥΣΚΑΛ.Χ5;compeed.gr
Compeed Επιθέματα για Σπυράκια Conceal & Go x15;8,66;Καθαρίστε, καλύψτε και προστατέψτε τα σπυράκια σας με τα Επιθέματα Compeed Conceal & Go. Ανακαλύψτε πως η υδροκολλοειδή τεχνολογία των επιθεμάτων για σπυράκια βοηθάει στην αντιμετώπιση των σπυριών.;Εντομοαπωθητικά & Διάφορα Εποχιακά;Stop Spots;Compeed;seasonal/conceal-go-x15-3663555005394.png;2200040503;3663555005394;COMPEED PATCH STOP SPOTS X15;compeed.gr
Compeed Επιθέματα για Σπυράκια Καθαρισμού x7;5,68;Καθαρίστε, ενυδατώστε και φωτίστε το δέρμα σας με τα Επιθέματα για Σπυράκια* COMPEED® Καθαρισμού. Μάθετε πώς τα υδροκολλοειδή επιθέματα για τα σπυράκια βοηθούν στην απομάκρυνση των ακαθαρσιών του δέρματος.;Εντομοαπωθητικά & Διάφορα Εποχιακά;Stop Spots;Compeed;seasonal/x7-3663555005349.png;2200040505;3663555005349;COMPEED PLASTER STOP SPOTS X7;compeed.gr
Compeed Μεσαία Ενυδατικά Επιθέματα για Κάλους x6;4,84;Τα Ενυδατικά Επιθέματα για Κάλους COMPEED® μένουν σταθερά στη θέση τους για μέρες παρέχοντας προστασία από την τριβή και την πίεση;Εντομοαπωθητικά & Διάφορα Εποχιακά;Κάλοι;Compeed;seasonal/x6-3663555002492.png;2200047305;3663555002492;COMPEED ΕΠΙΘΕΜΑ MEDIUM.MOIS CORN X6;compeed.gr
Compeed Μεσαία Επιθέματα για Φουσκάλες x10;7,66;Τα Μεσαία Επιθέματα για Φουσκάλες COMPEED® απορροφούν την περιττή υγρασία και σχηματίζουν ένα προστατευτικό μαξιλάρι προσφέροντας άμεση ανακούφιση από τον πόνο και ιδανικές συνθήκες για την επούλωση των φουσκαλών του ποδιού.;Εντομοαπωθητικά & Διάφορα Εποχιακά;Φουσκάλες;Compeed;seasonal/x10-3663555002973.png;2200048154;3663555002973;COMPEED MEDIUM ΕΠΙΘ. ΦΟΥΣΚΑΛ.X10;compeed.gr
Compeed Επιθέματα για Φουσκάλες από Ψηλοτάκουνα Παπούτσια x5;5,63;Τα Επιθέματα για Φουσκάλες από Ψηλοτάκουνα Παπούτσια COMPEED® είναι κατάλληλα για όλες τις φουσκάλες που προκαλούνται από ψηλοτάκουνα παπούτσια;Εντομοαπωθητικά & Διάφορα Εποχιακά;Φουσκάλες;Compeed;seasonal/x5-3663555002652.png;2200048156;3663555002652;COMPEED ΕΠΙΘΕΜΑ ΦΤΕΡΝΕΣ Χ5 ΤΑΚΟΥΝ;compeed.gr
Compeed Επιθέματα Διαφορετικών Μεγεθών για Φουσκάλες x5;5,63;Η συσκευασία Επιθέματα Διαφορετικών Μεγεθών για Φουσκάλες COMPEED® περιλαμβάνει 2 Μεσαία Επιθέματα για Φουσκάλες, 2 Μικρά Επιθέματα για Φουσκάλες και 1 Επίθεμα για Φουσκάλες στα Δάκτυλα των Ποδιών. Ιδανική για κιτ πρώτων βοηθειών!;Εντομοαπωθητικά & Διάφορα Εποχιακά;Φουσκάλες;Compeed;seasonal/x5-3663555002744.png;2200049122;3663555002744;COMPEED ΕΠΙΘΕΜ.MIX PACK 5-Χ3 ΜΕΓΕΘΗ;compeed.gr
Ωτοασπίδες Σιλικόνης Earplus (Ζεύγος);1,55;Εποχιακό προϊόν για προστασία ή ανακούφιση κατά τις θερινές δραστηριότητες. Προϊόν της σειράς Ωτοασπίδες (Earplus).;Εντομοαπωθητικά & Διάφορα Εποχιακά;Earplus;Ωτοασπίδες;;2200003920;;ΩΤΟΑΣΠΙΔΕΣ ΣΙΛ/ΝΗΣ EARPLUS ΖΕΥΓΟΣ;
Ωτοασπίδες Σπογγώδεις Soft Ohropax (Ζεύγος);0,46;Εποχιακό προϊόν για προστασία ή ανακούφιση κατά τις θερινές δραστηριότητες. Προϊόν της σειράς Ωτοασπίδες (Ohropax).;Εντομοαπωθητικά & Διάφορα Εποχιακά;Ohropax;Ωτοασπίδες;seasonal/soft-ohropax-4003626060935.jpg;2200006172;4003626060935;ΩΤΟΑΣΠΙΔΕΣ ΣΠΟΓΓΩΔ.SOFT OHROPAX ΖΕΥ;
Αιμόσταση - Pharmalead Vitorgan;11,30;Προϊόντα Αιμόστασης;Εντομοαπωθητικά & Διάφορα Εποχιακά;Αιμοστατικό;Pharmalead;seasonal/pharmalead-spray-60ml-5203339000122.jpg;2200039118;5203339000122;PHARMAL.ΑΙΜΟΣΤΑΤΙΚΟ SPRAY 60ML;pharmalead.gr
Hemosatic Cotton Wool;6,20;Ideal for minor bleeding. Promotes early healing. Highly absorbent. Soft & conformable;Εντομοαπωθητικά & Διάφορα Εποχιακά;Αιμοστατικό;Pharmalead;seasonal/pharmalead-2g-5203339000108.jpg;2200039119;5203339000108;PHARMAL.ΑΙΜΟΣΤΑΤΙΚΟ ΒΑΜΒΑ 2GR;pharmalead.gr
Travel Fix Films ODF x10;4,06;Εποχιακό προϊόν για προστασία ή ανακούφιση κατά τις θερινές δραστηριότητες. Προϊόν της σειράς Travel Fix (Travel Fix).;Εντομοαπωθητικά & Διάφορα Εποχιακά;Travel Fix;Travel Fix;seasonal/travel-fix-films-odf-x10-5206938002634.webp;2200045776;5206938002634;TRAVEL FIX FILMS ODF X10;
Travel Fix Tablets 500mg x10;4,06;Εποχιακό προϊόν για προστασία ή ανακούφιση κατά τις θερινές δραστηριότητες. Προϊόν της σειράς Travel Fix (Travel Fix).;Εντομοαπωθητικά & Διάφορα Εποχιακά;Travel Fix;Travel Fix;seasonal/travel-fix-tablets-500mg-x10-5206938000623.jpg;2200034197;5206938000623;TRAVEL FIX TABL 500MG X10;
Hangover Oral Films Disintegrating x6;5,00;Εποχιακό προϊόν για προστασία ή ανακούφιση κατά τις θερινές δραστηριότητες. Προϊόν της σειράς Hangover Oral Films (Hangover).;Εντομοαπωθητικά & Διάφορα Εποχιακά;Hangover;Hangover Oral Films;seasonal/hangover-oral-films-disintegrating-x6-5205152011262.jpg;2200047585;5205152011262;HANGOVER ORAL FILMS DISINTEGR. X6;
Klerat Pasta Ποντικιών 10x15g;3,90;Επαγγελματικό δόλωμα κατά τρωκτικών/εντόμων. Προϊόν της σειράς Klerat (Pasta).;Τρωκτικοκτόνα;Pasta;Klerat;;2200045807;;KLERAT PASTA ΠΟΝΤΙΚΙΩΝ 10X15GR;
Storm Ultra Ποντικοκύβοι 150g;7,38;Επαγγελματικό δόλωμα κατά τρωκτικών/εντόμων. Προϊόν της σειράς Storm Ultra (Cubes).;Τρωκτικοκτόνα;Cubes;Storm Ultra;;2200040263;;STORM ULTRA ΠΟΝΤΙΚ. ΚΥΒΟΙ 150GR;
Addict Gel Μυρμήγκια 10g (ΝΕΟ);;Επαγγελματικό δόλωμα κατά τρωκτικών/εντόμων. Προϊόν της σειράς Addict Gel (Μυρμήγκια).;Τρωκτικοκτόνα;Μυρμήγκια;Addict Gel;seasonal/addict-gel-10g-5212047700064.jpg;addict-gel-myrm;5212047700064;Addict Gel Μυρμήγκια 10g;